CustomerID,Gender,Age,Annual Income (lakh),Sepending Score(1-100)
SHK-151-464,Female,32,37,42
DAS-342-105,Male,24,30,52
JIM-142-880,Female,47,34,47
WFI-952-869,Female,27,26,50
QPJ-644-817,Male,48,28,42
FKT-249-565,Male,20,38,49
NSR-412-577,Female,23,14,41
DZT-464-163,Female,49,12,48
ZCC-006-674,Male,67,16,59
EOT-459-547,Male,26,20,55
ZAK-598-886,Male,49,22,56
CZX-755-106,Female,21,41,42
SAF-487-231,Female,33,16,50
ZSJ-609-876,Male,54,40,46
UJR-467-701,Male,68,47,43
JXH-786-000,Male,66,39,48
GLS-532-574,Male,65,16,52
GOK-345-452,Female,19,12,54
NVR-472-246,Female,38,10,42
YZA-650-935,Male,19,46,46
XZC-496-087,Female,18,31,48
JUZ-318-876,Female,19,23,50
XTW-857-055,Female,63,19,43
SIV-740-913,Female,49,20,59
HVG-218-856,Female,51,22,43
TJC-419-654,Female,50,47,57
ZCC-678-869,Male,27,38,56
WFX-382-087,Female,38,33,40
GIX-819-305,Female,40,29,58
YSN-414-327,Male,39,17,91
AQJ-741-511,Female,23,45,29
OZV-300-324,Female,31,29,77
SZB-824-010,Male,43,46,35
OLK-754-889,Male,40,36,95
HRO-250-357,Male,59,50,11
IVF-004-328,Male,38,35,75
SHL-047-573,Male,47,49,9
GDT-940-429,Male,39,43,75
DUT-653-739,Female,25,48,34
KSL-806-414,Female,31,50,71
GTG-184-297,Male,20,25,5
MUL-793-916,Female,29,36,88
PEE-963-344,Female,44,13,7
ZJG-023-439,Male,32,38,73
WAQ-758-279,Male,19,50,10
XOG-127-776,Female,35,49,72
GDC-337-100,Female,57,44,5
IIX-757-255,Male,32,45,93
IUV-335-968,Female,28,28,40
OJC-032-526,Female,32,34,87
TBZ-193-229,Male,25,40,12
KUA-876-600,Male,28,33,97
DWP-558-402,Male,48,29,36
OBC-604-803,Female,32,25,74
AJE-417-117,Female,34,25,22
SSE-146-041,Male,34,14,90
OBL-953-404,Male,43,42,17
RCT-777-674,Male,39,41,88
LIO-230-643,Female,44,34,20
LLH-701-419,Female,38,42,76
GWY-396-047,Female,47,34,16
PSN-240-108,Female,27,33,89
WID-209-285,Male,37,37,1
GEZ-992-168,Female,30,48,78
AMD-517-593,Male,34,39,1
CAU-935-766,Female,30,42,73
QCS-174-331,Female,56,45,35
CZY-101-471,Female,29,24,83
MOO-724-400,Male,19,16,5
HUZ-870-631,Female,31,45,93
PQB-163-966,Male,50,46,26
RKC-942-974,Female,36,18,75
GIL-032-410,Male,42,31,20
CWR-082-391,Female,33,47,95
CHU-017-240,Female,36,23,27
ESJ-323-771,Male,32,12,63
OME-908-108,Male,40,39,13
XYG-616-269,Male,28,26,75
ACY-385-987,Male,36,28,10
IPQ-954-394,Male,36,34,92
EWM-184-972,Female,52,40,13
HDV-463-936,Female,30,39,86
ZKJ-627-803,Male,58,16,15
JEO-592-176,Male,27,43,69
FSX-582-213,Male,59,41,14
VOL-794-930,Male,35,47,90
TPP-746-714,Female,37,49,32
ZDD-989-414,Female,32,26,86
JRD-983-105,Male,46,32,15
XXQ-249-808,Female,29,17,88
JRX-480-199,Female,41,11,39
AEP-286-821,Male,30,18,97
QKI-505-139,Female,54,10,24
FUM-708-797,Male,28,31,68
YGC-986-716,Female,41,20,17
BNR-919-560,Female,36,41,85
YJF-984-591,Female,34,22,23
AZF-125-450,Female,32,34,69
KGK-649-903,Male,33,21,8
KGB-528-708,Female,38,14,91
TAO-563-231,Female,47,38,16
SLZ-487-890,Female,35,15,79
GWV-125-462,Female,45,34,28
PEW-431-933,Male,32,12,74
DGF-199-768,Male,32,38,18
XWF-295-641,Male,30,23,83
SGD-080-290,Male,19,22,39
NNA-407-937,Male,21,38,81
OUW-658-564,Female,20,31,6
ATJ-435-662,Female,23,41,77
EJK-144-182,Female,31,42,40
TMF-218-485,Female,22,36,76
MSB-447-134,Female,35,36,6
SHQ-994-991,Female,23,46,94
WEN-087-166,Male,64,50,3
KGJ-655-073,Female,30,41,72
MFR-904-494,Male,67,42,14
XED-322-752,Female,35,10,99
XVF-714-806,Female,58,47,15
NGC-726-335,Female,24,26,77
SKA-326-230,Male,37,26,13
IQX-262-470,Male,22,33,79
QNR-227-595,Female,35,13,35
PYM-618-329,Male,20,10,66
ZIE-409-053,Male,52,34,29
OQV-291-659,Female,35,26,98
BMJ-677-506,Male,35,41,35
NHP-092-976,Male,25,35,73
ZRY-469-684,Female,46,27,5
RIF-269-145,Male,31,48,73
TYW-560-266,Female,54,27,14
PZM-198-103,Male,29,23,82
JXY-137-999,Female,45,16,32
NHF-480-066,Male,35,23,61
RCF-435-698,Female,40,11,31
BOS-342-453,Female,23,50,87
GOS-161-916,Male,60,45,4
ARK-578-912,Female,21,11,73
HIQ-648-746,Male,53,19,4
WCZ-431-262,Male,18,34,92
AKD-938-348,Female,49,46,14
BAD-151-241,Female,21,42,81
TGI-941-455,Female,42,25,17
HHR-738-569,Female,30,13,73
CHF-235-924,Female,36,14,26
WGS-870-128,Female,20,48,75
XVZ-521-459,Female,65,16,35
JFF-853-118,Male,24,12,92
ILF-363-899,Male,48,47,36
RFY-205-513,Female,31,23,61
JJV-713-694,Female,49,45,28
NIY-783-658,Female,24,47,65
YAB-787-883,Female,50,41,55
IPT-556-557,Female,27,32,47
GCE-487-707,Female,29,11,42
PAY-909-510,Female,31,10,42
OKP-050-594,Female,49,25,52
DOV-841-625,Male,33,13,60
BFW-877-731,Female,31,28,54
YXK-927-127,Male,59,20,60
MYK-294-719,Female,50,47,45
ESO-443-441,Male,47,16,41
CQY-464-083,Female,51,46,50
GZP-641-615,Male,69,35,46
WBQ-318-454,Female,27,15,51
FMK-653-996,Male,53,35,46
QRE-312-154,Male,70,16,56
XIB-130-813,Male,19,28,55
WOU-111-911,Female,67,31,52
VGI-487-125,Female,54,16,59
EOB-765-400,Male,63,32,51
DKE-822-697,Male,18,44,59
IMS-758-923,Female,43,31,50
PZJ-159-799,Female,68,38,48
JUO-436-934,Male,19,17,59
AYY-836-528,Female,32,28,47
PTN-592-451,Male,70,43,55
PZE-811-916,Female,47,39,42
GFL-431-946,Female,60,39,49
HVU-604-265,Female,60,49,56
RUZ-816-819,Male,59,39,47
VPJ-406-196,Male,26,23,54
YJX-053-698,Female,45,14,53
CKT-823-229,Male,40,49,48
TRH-928-736,Female,23,28,52
QQM-663-581,Female,49,14,42
NOS-723-054,Male,57,40,51
TXP-475-644,Male,38,25,55
YAO-675-187,Male,67,33,41
BXD-893-713,Female,46,48,44
XMR-146-174,Female,21,10,57
RQA-933-606,Male,48,13,46
NVM-878-110,Female,55,45,58
TBQ-342-846,Female,22,18,55
GXE-898-950,Female,34,37,60
SZC-465-536,Female,50,40,46
GLC-092-558,Female,68,13,55
AIY-759-511,Male,18,28,41
QKJ-929-037,Male,48,21,49
PKY-546-865,Male,40,14,40
YTS-632-068,Male,19,48,39
EGH-717-169,Male,21,31,81
IKR-992-237,Female,20,43,6
PMV-884-108,Female,23,23,77
SSO-850-467,Female,31,21,40
EZA-089-216,Female,22,43,76
LXO-172-984,Female,35,11,6
ZVT-281-356,Female,23,13,94
DMZ-909-648,Male,64,20,3
KEV-635-389,Female,30,22,72
TWQ-145-220,Male,67,21,14
ELL-614-471,Female,35,42,99
RYB-975-291,Female,58,28,15
NIP-331-670,Female,24,33,77
CMQ-309-208,Male,37,39,13
QCM-669-257,Male,22,25,79
EUE-112-288,Female,35,39,35
IWG-780-156,Male,20,49,66
SXM-558-865,Male,52,13,29
ZJC-680-249,Female,35,19,98
WNG-868-572,Male,35,36,35
MMW-953-574,Male,25,24,73
RSD-397-220,Female,46,35,5
VKH-044-301,Male,31,19,73
TYK-383-457,Female,54,27,14
BSC-040-273,Male,29,34,82
NZT-900-141,Female,45,31,32
VGD-204-459,Male,35,21,61
WTL-149-735,Female,40,23,31
ORL-800-184,Female,23,17,87
PYY-074-025,Male,60,24,4
HWC-845-307,Female,21,14,73
UIT-814-544,Male,53,33,4
HLN-444-379,Male,18,18,92
SKD-941-602,Female,49,45,14
MSN-224-954,Female,21,44,81
ZYS-974-689,Female,42,26,17
ILV-685-187,Female,30,50,73
ZDX-911-418,Female,36,18,26
XRA-983-757,Female,20,22,75
EKR-352-448,Female,65,43,35
LPT-708-730,Male,24,37,92
BFQ-806-265,Male,48,35,36
QAX-438-638,Female,31,39,61
PSN-587-523,Female,49,45,28
QOI-936-150,Female,24,40,65
MYR-630-719,Female,50,10,55
OLM-664-837,Female,27,28,47
PBR-784-580,Female,29,49,42
VDP-133-283,Female,31,43,42
DGK-797-793,Female,49,42,52
UXK-918-043,Male,33,31,60
YEV-646-793,Female,31,47,54
OVT-429-851,Male,59,33,60
SXG-469-922,Female,50,10,45
JCE-140-293,Male,47,48,41
FZJ-619-361,Female,51,20,50
MVQ-618-707,Male,69,22,46
KZU-863-494,Female,27,46,51
JLF-397-378,Male,53,41,46
PVQ-786-313,Male,70,45,56
JII-238-724,Male,19,18,55
PEQ-810-055,Female,67,10,52
RQM-032-694,Female,54,15,59
LOO-836-543,Male,63,12,51
ZCE-010-918,Male,18,34,59
IGY-078-128,Female,43,21,50
PBH-337-152,Female,68,20,48
RJB-773-454,Male,19,31,59
PTB-135-737,Female,32,21,47
AEQ-569-599,Male,70,42,55
RYI-044-425,Female,47,18,42
RXE-402-391,Female,60,26,49
PML-788-326,Female,60,47,56
WLF-748-836,Male,59,41,47
YEG-938-020,Male,26,29,54
HFR-567-269,Female,45,48,53
MWO-065-674,Male,40,17,48
RCF-263-801,Female,23,12,52
GLP-001-859,Female,49,44,42
FNY-272-307,Male,57,46,51
EXQ-420-130,Male,38,30,55
HLY-549-124,Male,67,12,41
PNR-797-757,Female,46,30,44
FSL-839-318,Female,21,15,57
WHO-236-564,Male,48,45,46
WZA-527-820,Female,55,26,58
SNI-619-439,Female,22,27,55
PCG-577-367,Female,34,28,60
XUG-524-650,Female,50,44,46
TZI-068-287,Female,68,45,55
HTP-601-224,Male,18,29,41
MKI-225-222,Male,48,28,49
VOH-742-584,Female,40,50,40
IJL-832-172,Female,32,24,42
JSW-076-182,Male,24,50,52
MSY-826-718,Female,47,34,47
JRE-489-582,Female,27,33,50
WIU-759-226,Male,48,29,42
PIV-918-357,Male,20,45,49
YBK-917-355,Female,23,42,41
OGC-379-675,Female,49,22,48
CPE-788-480,Male,67,15,59
GEI-404-588,Male,26,19,55
BRI-627-558,Male,49,21,56
KRW-759-192,Female,21,41,42
RNQ-872-216,Female,66,43,50
KWO-067-219,Male,54,14,46
PPQ-797-009,Male,68,14,43
LBF-049-899,Male,66,11,48
ZZF-189-589,Male,65,22,52
NQF-230-580,Female,19,13,54
HSD-870-892,Female,38,39,42
JTX-932-285,Male,19,10,46
FLW-013-041,Female,18,47,48
HXG-744-490,Female,19,35,50
XFN-479-895,Female,63,43,43
PYM-712-646,Female,49,41,59
SLF-787-448,Female,51,19,43
EEE-087-211,Female,50,39,57
JGL-933-176,Male,27,19,56
BHF-841-307,Female,38,24,40
FIA-864-187,Female,40,47,58
DXW-497-716,Male,39,27,91
BLJ-668-989,Female,23,25,29
BFA-613-642,Female,31,33,77
KNA-686-539,Male,43,37,35
CRR-878-535,Male,40,30,95
RZR-306-083,Male,59,43,11
RWV-274-577,Male,38,49,75
HQS-482-057,Male,47,22,9
SOL-823-599,Male,39,46,75
TOP-958-170,Female,25,24,34
UZN-866-872,Female,31,13,71
RPT-561-704,Male,20,18,5
WCV-770-103,Female,29,29,88
UAV-952-660,Female,44,24,7
FBE-661-363,Male,32,47,73
XSQ-789-152,Male,19,47,10
IRZ-410-449,Female,35,15,72
VKS-469-800,Female,57,13,5
NJQ-946-243,Male,32,27,93
BEN-301-418,Female,28,49,40
GUS-790-620,Female,32,38,87
NFL-924-572,Male,25,43,12
TDK-859-126,Male,28,40,97
CAJ-621-192,Male,48,50,36
SHN-337-882,Female,32,18,74
MVL-763-897,Female,34,28,22
POY-249-962,Male,34,21,90
AMI-373-058,Male,43,24,17
WLQ-789-707,Male,39,50,88
SLX-050-283,Female,44,46,20
RCI-981-031,Female,38,45,76
DWF-849-387,Female,47,11,16
KSU-362-256,Female,27,31,89
GJA-469-207,Male,37,22,1
TBA-477-866,Female,30,27,78
GJJ-580-788,Male,34,22,1
KMV-395-427,Female,30,25,73
QEL-141-480,Female,56,19,35
CYC-604-713,Female,29,25,83
NFN-502-574,Male,19,48,5
JQB-586-682,Female,31,43,93
GRR-049-254,Male,50,10,26
IJN-782-305,Female,36,41,75
WXF-363-943,Male,42,23,20
HHN-998-559,Female,33,43,95
TJJ-350-087,Female,36,12,27
NBB-626-877,Male,32,27,63
KMF-348-855,Male,40,10,13
CNI-679-553,Male,28,19,75
IAF-085-387,Male,36,29,10
DJX-590-805,Male,36,46,92
ALE-184-183,Female,52,41,13
AYI-769-593,Female,30,15,86
JQE-552-821,Male,58,15,15
FJX-604-150,Male,27,50,69
TWV-921-627,Male,59,42,14
LWC-285-495,Male,35,15,90
OIP-151-852,Female,37,31,32
LIE-993-515,Female,32,26,86
NBW-293-194,Male,46,18,15
XLF-768-343,Female,29,22,88
THO-578-000,Female,41,47,39
VPU-335-596,Male,30,50,97
DTJ-104-945,Female,54,40,24
OQB-745-696,Male,28,10,68
AHU-588-970,Female,41,40,17
ABT-500-700,Female,36,47,85
NMH-600-378,Female,34,27,23
NJU-244-678,Female,32,14,69
UOB-554-752,Male,33,48,8
KAO-481-511,Female,38,11,91
OTZ-674-746,Female,47,14,16
HAB-703-582,Female,35,34,79
YKY-552-703,Female,45,37,28
ALI-832-848,Male,32,39,74
YNW-175-278,Male,32,23,18
PUP-539-765,Male,30,18,83
AOP-799-458,Male,19,45,39
DGC-672-290,Male,21,16,81
NQL-604-663,Female,20,42,6
LZW-464-899,Female,23,16,77
KUI-920-440,Female,31,35,40
SYE-519-240,Female,22,13,76
CSB-243-085,Female,35,29,6
TLM-433-417,Female,23,37,94
FWP-604-028,Male,64,41,3
BAX-072-707,Female,30,42,72
NQC-897-761,Male,67,16,14
PUG-267-587,Female,35,26,99
JVW-033-524,Female,58,23,15
VVU-583-659,Female,24,16,77
NBH-320-068,Male,37,11,13
QWL-658-019,Male,22,19,79
PQN-648-867,Female,35,25,35
NTP-027-243,Male,20,20,66
BEK-439-638,Male,52,47,29
WVG-745-820,Female,35,40,98
CUJ-586-725,Male,35,15,35
ETV-663-182,Male,25,16,73
YMH-283-293,Female,46,24,5
WLL-689-941,Male,31,12,73
QWH-546-355,Female,54,38,14
ELZ-626-349,Male,29,27,82
DYX-755-034,Female,45,36,32
BTG-391-286,Male,35,12,61
NUO-104-438,Female,40,34,31
GKB-970-866,Female,23,33,87
WYB-967-237,Male,60,34,4
HGD-390-428,Female,21,10,73
IPZ-588-258,Male,53,46,4
YWR-930-490,Male,18,23,92
SHK-851-909,Female,49,30,14
LCO-697-316,Female,21,27,81
VPE-255-252,Female,42,34,17
OGZ-347-458,Female,30,41,73
ENO-011-852,Female,36,26,26
EUG-717-295,Female,20,39,75
VMW-550-140,Female,65,34,35
WHG-455-890,Male,24,39,92
TZD-535-041,Male,48,12,36
CTF-738-445,Female,31,38,61
XRG-807-638,Female,49,32,28
ZUI-694-584,Female,24,20,65
PJX-488-625,Female,50,28,55
ZBB-158-889,Female,27,29,47
MDK-460-062,Female,29,42,42
FGI-339-131,Female,31,32,42
YQP-958-307,Female,49,49,52
MRC-612-843,Male,33,48,60
ZRA-791-943,Female,31,12,54
GZO-049-042,Male,59,19,60
HVQ-244-886,Female,50,29,45
VAB-489-461,Male,47,42,41
OGB-952-701,Female,51,24,50
NGZ-639-011,Male,69,16,46
ALR-638-659,Female,27,46,51
EWH-648-944,Male,53,32,46
ZYZ-780-652,Male,70,40,56
ZVV-469-734,Male,19,40,55
ZFU-972-833,Female,67,36,52
COA-629-078,Female,54,21,59
ISZ-873-628,Male,63,10,51
MES-212-796,Male,18,49,59
GNU-411-873,Female,43,32,50
JJI-859-564,Female,68,21,48
LOX-846-755,Male,19,34,59
XJU-996-131,Female,32,16,47
SBM-795-476,Male,70,43,55
REW-922-547,Female,47,46,42
VQQ-274-506,Female,60,31,49
QEG-591-252,Female,60,23,56
TED-518-736,Male,59,45,47
TCE-724-269,Male,26,43,54
ZOW-081-814,Female,45,43,53
PZG-714-539,Male,40,21,48
VWQ-805-802,Female,23,50,52
EMX-882-871,Female,49,22,42
QTJ-973-352,Male,57,17,51
IYN-094-818,Male,38,43,55
ZFT-161-004,Male,67,39,41
SVB-351-741,Female,46,44,44
RKF-605-829,Female,21,24,57
BCA-969-274,Male,48,10,46
YZZ-094-200,Female,55,25,58
CVV-282-315,Female,22,43,55
CPQ-053-696,Female,34,29,60
KFE-263-179,Female,50,38,46
PDA-162-550,Female,68,21,55
SNA-244-106,Male,18,10,41
OXG-079-841,Male,48,37,49
QCV-974-190,Female,40,14,40
KOI-735-246,Female,32,14,42
XUM-522-846,Male,24,31,52
SQL-968-298,Female,47,47,47
XHA-094-477,Female,27,49,50
GKS-453-310,Male,48,39,42
FQK-303-827,Male,20,37,49
RPW-679-197,Female,23,10,41
XOU-885-822,Female,49,46,48
GND-429-626,Male,67,39,59
HYC-766-999,Male,26,29,55
WAV-871-207,Male,49,10,56
ITO-732-087,Female,21,30,42
QPC-804-670,Female,66,30,50
BTP-563-641,Male,54,15,46
CIF-815-952,Male,68,29,43
KSS-045-954,Male,66,50,48
IOY-288-510,Male,65,29,52
SQD-032-848,Female,19,21,54
RTJ-038-548,Female,38,50,42
TCK-745-107,Male,19,18,46
IIY-890-441,Female,18,40,48
DGJ-396-129,Female,19,27,50
IRO-998-190,Female,63,49,43
TFG-200-851,Female,49,29,59
LGV-328-698,Female,51,33,43
SPD-355-353,Female,50,31,57
UTE-853-478,Male,27,23,56
VKW-982-133,Female,38,22,40
UWV-451-585,Female,40,22,58
CRS-374-504,Male,39,11,91
LSB-962-606,Female,23,22,29
KXN-119-558,Female,31,27,77
WYL-549-878,Male,43,36,35
IFL-441-875,Male,40,39,95
VSL-370-335,Male,59,24,11
UNJ-121-246,Male,38,42,75
HCU-852-222,Male,47,31,9
XID-746-985,Male,39,35,75
CVM-207-079,Female,25,20,34
HYK-431-337,Female,31,19,71
VFU-840-688,Male,20,17,5
HCX-937-743,Female,29,16,88
QTC-772-186,Female,44,48,7
MME-596-138,Male,32,43,73
TKH-487-553,Male,19,14,10
ISK-576-455,Female,35,15,72
XXS-450-543,Female,57,39,5
OJL-452-337,Male,32,41,93
ZOV-338-672,Female,28,48,40
ICN-732-184,Female,32,29,87
FUU-306-558,Male,25,18,12
PEL-931-195,Male,28,18,97
BVV-759-939,Male,48,18,36
CWG-916-917,Female,32,12,74
FBT-380-620,Female,34,25,22
AMB-852-001,Male,34,18,90
MJB-916-123,Male,43,27,17
AND-851-527,Male,39,13,88
MYR-661-182,Female,44,49,20
FWW-866-744,Female,38,37,76
LSN-048-834,Female,47,27,16
GLO-630-054,Female,27,18,89
ERI-878-785,Male,37,48,1
FPH-727-523,Female,30,33,78
OEP-439-093,Male,34,25,1
HNQ-572-254,Female,30,20,73
NQC-557-335,Female,56,27,35
LRE-960-828,Female,29,25,83
TGW-439-795,Male,19,25,5
IHC-852-970,Female,31,20,93
OGN-946-043,Male,50,12,26
WHC-950-035,Female,36,39,75
YXU-981-750,Male,42,15,20
BHP-106-757,Female,33,18,95
HZA-719-541,Female,36,42,27
BUP-441-951,Male,32,23,63
REH-614-144,Male,40,45,13
LTK-542-302,Male,28,42,75
PUO-210-063,Male,36,41,10
EPW-758-387,Male,36,31,92
CQR-565-635,Female,52,33,13
IZA-558-729,Female,30,22,86
ZDF-488-865,Male,58,31,15
QLD-024-662,Male,27,34,69
IJY-284-038,Male,59,40,14
YOY-696-232,Male,35,15,90
ZTR-267-160,Female,37,50,32
SBY-708-031,Female,32,12,86
IXN-945-371,Male,46,15,15
BJA-875-068,Female,29,22,88
VIJ-242-063,Female,41,13,39
WRF-944-938,Male,30,20,97
VCH-472-331,Female,54,10,24
NIC-460-356,Male,28,44,68
JAR-584-361,Female,41,31,17
WMB-314-189,Female,36,50,85
QOQ-431-911,Female,34,19,23
QIW-856-900,Female,32,42,69
REY-857-535,Male,33,28,8
APM-603-897,Female,38,20,91
QWL-841-166,Female,47,45,16
CNW-034-032,Female,35,14,79
KDX-872-966,Female,45,33,28
KVW-609-025,Male,32,25,74
EAB-598-381,Male,32,37,18
EOK-207-633,Male,30,37,83
MGX-917-316,Male,19,50,39
HVP-751-963,Male,21,38,81
QCF-648-201,Female,20,45,6
NHS-379-257,Female,23,31,77
LYG-963-495,Female,31,49,40
UEA-729-746,Female,22,10,76
CZF-505-606,Female,35,48,6
FNJ-377-109,Female,23,38,94
MZL-184-950,Male,64,11,3
NSQ-753-441,Female,30,41,72
WMO-303-871,Male,67,37,14
KJH-832-212,Female,35,38,99
INS-924-436,Female,58,23,15
BWI-238-902,Female,24,41,77
CDJ-253-969,Male,37,42,13
FXI-282-643,Male,22,32,79
ICZ-181-024,Female,35,23,35
SLE-004-210,Male,20,48,66
AOH-780-624,Male,52,22,29
GCD-929-950,Female,35,43,98
NVA-813-092,Male,35,49,35
QVR-828-687,Male,25,27,73
NPY-991-912,Female,46,41,5
MND-653-230,Male,31,45,73
WZP-430-688,Female,54,39,14
UJU-863-925,Male,29,19,82
IQI-415-329,Female,45,17,32
MKW-425-895,Male,35,25,61
VYV-519-386,Female,40,40,31
BUI-026-327,Female,23,39,87
HBP-701-970,Male,60,41,4
JKG-246-369,Female,21,11,73
QOR-822-799,Male,53,16,4
TON-420-885,Male,18,30,92
LOG-330-531,Female,49,46,14
MCP-327-758,Female,21,32,81
GQZ-768-286,Female,42,20,17
ZPR-843-315,Female,30,41,73
CIO-502-779,Female,36,36,26
IOY-559-517,Female,20,48,75
XPT-518-422,Female,65,45,35
AZK-482-054,Male,24,11,92
GPO-834-065,Male,48,27,36
UEE-251-357,Female,31,48,61
MBN-272-588,Female,49,28,28
NYO-485-205,Female,24,20,65
VOU-347-052,Female,50,27,55
OCS-238-884,Female,27,33,47
MKH-750-915,Female,29,12,42
LOV-678-476,Female,31,11,42
UXU-615-619,Female,49,22,52
CBJ-187-776,Male,33,10,60
DLD-963-977,Female,31,32,54
DGT-082-594,Male,59,17,60
ZKZ-497-035,Female,50,20,45
MPP-023-557,Male,47,32,41
NXB-819-575,Female,51,39,50
GZW-898-610,Male,69,14,46
OCV-558-770,Female,27,32,51
UEQ-208-288,Male,53,33,46
JCN-863-435,Male,70,47,56
LUQ-452-989,Male,19,42,55
WKS-573-418,Female,67,16,52
NSF-012-168,Female,54,30,59
ZKA-956-671,Male,63,18,51
WXY-977-238,Male,18,39,59
JUY-696-725,Female,43,40,50
AVD-681-331,Female,68,46,48
KJR-476-084,Male,19,28,59
AIT-194-603,Female,32,35,47
QSA-362-998,Male,70,47,55
ESR-814-829,Female,47,47,42
ZBN-339-199,Female,60,12,49
JQM-925-497,Female,60,43,56
JEP-716-300,Male,59,13,47
BHV-504-206,Male,26,20,54
JAE-670-871,Female,45,19,53
ESM-681-372,Male,40,43,48
TWE-274-021,Female,23,40,52
ETY-716-041,Female,49,33,42
ENF-077-490,Male,57,32,51
IRO-090-741,Male,38,21,55
XEG-986-076,Male,67,47,41
TUX-208-660,Female,46,42,44
CRO-194-682,Female,21,36,57
FUU-507-678,Male,48,31,46
FXL-183-360,Female,55,17,58
WNS-512-889,Female,22,31,55
VHL-647-266,Female,34,18,60
HRT-859-207,Female,50,27,46
FTT-556-300,Female,68,36,55
LVA-478-517,Male,18,48,41
EKG-197-565,Male,48,21,49
XXP-647-050,Female,40,38,40
NLU-094-293,Female,32,41,42
RMD-650-332,Male,24,19,52
IPJ-420-562,Female,47,41,47
BGG-807-150,Female,27,41,50
WSD-136-602,Male,48,38,42
HBG-096-121,Male,20,38,49
DBB-858-372,Female,23,28,41
PNS-668-060,Female,49,33,48
QKL-549-787,Male,67,24,59
WCV-963-204,Male,26,26,55
GOB-561-116,Male,49,35,56
FFB-445-654,Female,21,12,42
QGP-080-909,Female,66,30,50
YKG-562-406,Male,54,44,46
EHQ-087-362,Male,68,19,43
DOC-321-003,Male,66,30,48
BRI-728-436,Male,65,19,52
MWZ-342-148,Female,19,23,54
TPC-266-223,Female,38,39,42
YUK-122-587,Male,19,50,46
NGW-024-047,Female,18,33,48
IQL-365-123,Female,19,32,50
DED-463-328,Female,63,10,43
EZI-766-206,Female,49,50,59
YCI-966-228,Female,51,17,43
KYL-772-512,Female,50,12,57
WPY-444-215,Male,27,11,56
DLI-338-491,Female,38,40,40
AAY-380-677,Female,40,22,58
LVE-941-648,Male,39,14,91
BXH-325-338,Female,23,23,29
MEQ-976-924,Female,31,42,77
KLS-457-350,Male,43,18,35
QTR-300-175,Male,40,19,95
MAP-425-133,Male,59,34,11
AWB-056-900,Male,38,45,75
PYC-193-929,Male,47,44,9
YSV-252-348,Male,39,38,75
FRG-634-657,Female,25,23,34
UVK-856-564,Female,31,36,71
HRA-106-159,Male,20,27,5
HAS-128-254,Female,29,12,88
QCU-343-301,Female,44,23,7
XPM-892-267,Male,32,24,73
DOR-459-494,Male,19,20,10
QPV-332-190,Female,35,47,72
BKO-400-411,Female,57,49,5
SWV-787-549,Male,32,23,93
ZXD-758-050,Female,28,16,40
UFZ-570-596,Female,32,38,87
SMX-688-759,Male,25,43,12
CMK-261-414,Male,28,10,97
UOF-596-895,Male,48,26,36
GKH-302-257,Female,32,31,74
FBU-775-692,Female,34,50,22
WMJ-777-374,Male,34,13,90
FZX-270-567,Male,43,34,17
HCA-447-668,Male,39,11,88
OXC-386-503,Female,44,35,20
GSM-712-787,Female,38,28,76
ROT-963-423,Female,47,11,16
CRH-103-195,Female,27,13,89
REZ-891-212,Male,37,22,1
BSE-398-374,Female,30,23,78
LSO-798-445,Male,34,26,1
QIK-462-426,Female,30,50,73
CYO-744-698,Female,56,35,35
ODJ-862-834,Female,29,40,83
ZVA-705-319,Male,19,13,5
LKA-368-230,Female,31,47,93
MOX-518-522,Male,50,10,26
EFW-928-049,Female,36,39,75
NCF-017-858,Male,42,39,20
HPI-401-066,Female,33,17,95
GQI-732-763,Female,36,16,27
SPB-078-712,Male,32,10,63
LQV-408-987,Male,40,47,13
EXX-471-753,Male,28,43,75
MUE-679-898,Male,36,24,10
IRU-285-576,Male,36,39,92
NWF-444-842,Female,52,15,13
WDM-046-570,Female,30,48,86
NGH-738-692,Male,58,49,15
JZV-368-923,Male,27,12,69
VOX-993-768,Male,59,38,14
KSS-707-224,Male,35,43,90
YVG-547-503,Female,37,37,32
DFH-825-488,Female,32,42,86
XMA-967-395,Male,46,29,15
PON-988-647,Female,29,45,88
OER-285-169,Female,41,34,39
WIC-022-994,Male,30,33,97
IMN-732-945,Female,54,11,24
YJC-630-456,Male,28,16,68
LXI-036-135,Female,41,28,17
ILS-692-253,Female,36,36,85
EZQ-073-212,Female,34,35,23
QMX-981-731,Female,32,34,69
KJW-853-210,Male,33,37,8
OCS-626-171,Female,38,36,91
UUP-213-092,Female,47,10,16
TIK-740-827,Female,35,36,79
ZHW-881-629,Female,45,40,28
ZBY-526-499,Male,32,27,74
FPT-152-618,Male,32,32,18
QIA-985-204,Male,30,42,83
UVP-796-426,Male,53,12,6
VHT-537-599,Female,23,33,94
UZY-800-673,Male,56,38,3
WOA-762-641,Male,59,44,72
GNK-028-147,Male,68,11,14
VIC-924-675,Female,68,38,99
NJT-767-930,Male,29,33,15
IVC-849-147,Male,20,50,77
ZNU-030-775,Male,62,19,13
GQU-827-403,Female,35,31,79
AUZ-976-102,Male,57,27,35
MDG-872-246,Male,38,43,66
MZX-904-833,Male,,49,29
FCQ-690-266,Male,50,46,98
IEC-057-558,Female,52,46,35
VPX-512-057,Male,43,41,73
XYN-796-997,Female,25,34,5
XEQ-549-348,Female,53,43,73
LYD-426-168,Female,65,35,14
PDM-762-318,Male,47,23,82
BPM-631-412,Female,40,24,32
VOW-849-890,Male,59,40,61
MGA-973-746,Female,61,35,31
UUZ-146-385,Female,31,39,87
AON-992-407,Female,31,43,4
CHJ-728-597,Female,19,27,73
QCY-430-427,Female,54,21,4
HUS-444-201,Female,22,21,92
KFX-433-521,Female,55,35,14
AYX-653-970,Female,62,35,81
TMJ-684-060,Male,58,16,17
YMZ-576-618,Male,,35,73
GUO-029-853,Female,31,41,26
JJL-294-031,Female,56,25,75
AIE-823-100,Female,42,21,35
DTN-747-887,Male,37,23,92
ITH-568-268,Female,19,19,36
WFU-977-211,Male,56,24,61
AXL-358-057,Male,23,40,28
ZNY-866-297,Male,34,41,65
UPO-509-781,Male,42,15,55
HFL-235-817,Male,45,30,47
SRC-887-598,Female,19,27,42
GNW-332-427,Female,,36,42
QOP-966-304,Female,54,18,52
JUY-641-792,Female,22,21,60
ROO-706-741,Female,18,42,54
DSB-089-575,Male,57,35,60
UIU-796-084,Female,29,30,45
LCU-234-304,Female,53,40,41
IIN-420-447,Male,62,41,50
LNZ-774-797,Female,40,20,46
NQR-718-413,Male,64,36,51
VXX-163-519,Female,48,20,46
IHZ-859-367,Male,28,36,56
DYB-395-070,Female,27,42,55
UVL-000-739,Female,20,22,52
BPC-277-535,Male,31,40,59
EOM-645-547,Male,33,44,51
OXF-709-595,Male,27,23,59
VHT-106-178,Male,46,26,50
ZGZ-164-590,Male,27,39,48
GEW-708-909,Male,29,22,59
CYU-098-394,Male,47,17,47
GFK-006-687,Male,58,13,55
OGN-637-726,Female,18,43,42
OMZ-760-147,Female,22,23,49
FNV-496-843,Male,37,10,56
GNF-418-812,Female,25,32,47
DPZ-004-297,Female,,16,54
LMH-040-260,Female,29,23,53
FKF-516-883,Female,18,29,48
UGW-803-126,Male,37,22,52
KXT-491-405,Female,45,37,42
XEC-200-720,Male,60,19,51
KFG-328-720,Female,54,20,55
OGF-363-084,Female,64,45,41
JWE-672-985,Female,54,26,44
OUX-361-665,Male,29,45,57
BZH-068-839,Female,54,12,46
AWX-515-599,Male,66,46,58
TIG-458-178,Female,66,15,55
LZK-441-261,Male,61,24,60
YAY-392-948,Female,45,46,46
FHY-940-300,Male,,42,55
EKG-507-598,Male,32,17,41
QPB-271-353,Female,23,24,49
EPN-919-989,Male,61,41,40
AAM-459-414,Female,37,13,42
GCT-705-623,Female,67,20,52
ZJI-844-347,Female,31,17,47
DII-055-723,Female,19,29,50
FLT-956-061,Female,26,14,42
EIC-677-620,Female,54,12,49
URM-021-346,Female,37,15,41
XCW-516-799,Female,43,24,48
WYT-905-615,Female,46,12,59
YQA-709-259,Female,18,35,55
QYD-737-683,Female,52,44,56
GYN-487-066,Male,23,19,42
KFC-091-970,Male,54,35,50
VLT-651-745,Female,22,39,46
RCW-219-310,Female,50,41,43
RXW-531-599,Female,66,17,48
RGM-437-250,Female,68,37,52
YZG-677-437,Female,31,45,54
AET-124-833,Female,29,24,42
GPY-285-043,Female,59,14,46
CFR-955-153,Female,37,49,48
CZP-071-874,Male,67,46,50
ETE-955-928,Female,41,47,43
NUT-918-559,Male,60,12,59
JPP-269-203,Female,51,17,43
PRT-063-182,Female,42,17,57
NAW-190-553,Male,67,36,56
HGY-172-249,Female,46,20,40
FBT-622-176,Male,56,14,58
ONI-821-623,Female,48,10,91
ILD-889-635,Female,64,43,29
GSU-906-043,Male,60,46,77
LSF-540-197,Female,67,48,35
IVO-047-670,Male,40,35,95
NRS-259-042,Female,61,26,11
BMK-314-905,Male,55,23,75
IPE-268-984,Male,37,18,9
NTR-995-472,Female,40,44,75
WHQ-619-259,Female,62,44,34
HFK-283-392,Male,69,18,71
BIC-547-441,Female,33,45,5
GNO-670-695,Female,67,14,88
XTA-417-786,Female,59,50,7
SFS-195-622,Male,25,22,73
HAQ-947-381,Male,67,38,10
BZX-724-618,Male,38,42,72
CZC-500-862,Male,18,41,5
WAW-694-583,Male,25,16,93
NIF-753-755,Male,46,32,40
BCY-785-067,Male,49,15,87
AAC-928-693,Male,55,35,12
YKQ-325-879,Male,22,33,97
YIX-082-067,Female,64,47,36
EAH-641-123,Male,39,40,74
IHW-437-831,Female,,36,22
IMY-854-879,Female,51,15,90
ADT-631-464,Female,18,15,17
NIV-495-257,Male,43,14,88
WKB-039-228,Male,60,21,20
CDS-946-886,Male,27,29,76
NLM-472-614,Male,47,23,16
VFL-275-924,Female,67,32,89
NSS-859-928,Male,35,29,1
UAD-258-256,Male,34,10,78
ITD-263-828,Male,43,35,1
YGE-711-423,Male,25,11,73
FRJ-056-981,Male,64,33,35
CRP-792-445,Female,57,49,83
RPZ-098-806,Male,66,45,5
FCN-068-304,Female,29,22,93
HKX-058-335,Male,44,12,26
GSI-885-373,Female,25,29,75
HEW-666-337,Male,42,19,20
FZJ-409-780,Male,63,41,95
LGJ-442-138,Female,21,44,27
PVL-939-268,Female,50,43,63
FCO-818-503,Female,18,44,13
FRD-029-833,Male,36,49,75
BJM-237-889,Female,48,33,10
CAT-395-492,Male,33,38,92
YZH-772-432,Male,31,43,13
QNY-204-641,Female,65,48,86
DRT-527-173,Female,22,17,15
WOZ-347-525,Male,58,28,69
ROL-226-157,Male,43,17,14
BCT-541-984,Female,45,26,90
JKO-683-616,Female,19,50,32
YTE-127-353,Female,67,19,86
IKU-718-809,Male,23,25,15
ZQB-573-538,Male,26,22,88
YFL-027-116,Male,50,45,39
ZRB-116-152,Male,58,14,97
FWL-633-012,Male,42,44,24
ZFD-559-816,Male,,20,68
OUX-471-241,Female,30,46,17
CLJ-578-224,Male,26,27,85
KIL-989-226,Male,30,22,23
WSH-161-751,Male,48,29,69
VQS-135-164,Female,58,39,8
TGV-580-416,Male,,23,91
ZND-557-264,Male,21,15,16
AIL-195-327,Female,51,20,79
EQH-372-674,Male,55,39,28
PPQ-681-177,Male,63,25,74
FLL-962-130,Male,21,13,18
BCX-284-415,Male,55,47,83
FLS-929-100,Male,36,42,6
FHU-841-100,Female,23,16,94
ZGU-368-462,Female,51,15,3
GOY-373-344,Female,35,15,72
AVJ-176-273,Male,,41,14
PBU-729-636,Male,58,49,99
EXK-553-959,Male,,27,15
TJV-772-304,Female,36,41,77
RPQ-641-106,Male,62,32,13
AXV-774-831,Male,28,44,79
VTR-155-473,Female,,19,35
UDB-330-149,Male,41,22,66
MPK-402-104,Female,24,15,29
PBJ-885-689,Female,42,34,98
RYW-925-111,Female,38,37,35
QHN-361-244,Male,32,44,73
FRE-973-844,Male,18,25,5
QXO-856-709,Male,29,48,73
KHK-679-506,Male,24,16,14
UWK-891-884,Male,32,19,82
VXG-218-669,Male,38,40,32
VES-199-674,Male,36,32,61
BXZ-375-227,Female,46,15,31
WSG-342-276,Male,42,11,87
FJI-769-922,Female,50,34,4
GVV-056-681,Male,66,33,73
RQP-967-661,Male,49,40,4
ZVO-872-350,Male,66,33,92
ZHY-311-958,Female,52,41,14
GLS-110-766,Female,,17,81
NSP-650-008,Female,55,35,17
FNN-181-327,Female,43,24,73
JEZ-117-281,Male,28,18,26
YJL-093-147,Female,52,27,75
LHL-770-842,Male,25,25,35
RCI-436-100,Male,63,41,92
FMW-232-070,Female,31,17,36
USX-219-984,Female,27,45,61
CCB-800-203,Female,19,50,28
LRI-915-530,Female,63,19,65
DYD-464-117,Female,26,23,55
ZCO-150-353,Female,20,24,47
UIJ-192-266,Female,38,35,42
AZT-473-065,Female,43,24,42
BQP-400-872,Male,25,35,52
VST-001-611,Female,65,31,60
WLA-423-518,Female,19,26,54
FAP-948-388,Male,23,45,60
NED-909-203,Female,45,19,45
XFG-692-115,Male,46,49,41
WIW-711-955,Male,43,10,50
AOU-441-619,Female,42,12,46
ENO-471-599,Male,29,30,51
HJV-196-020,Male,22,34,46
LOB-067-455,Male,51,29,56
GAF-762-455,Male,65,48,55
MHU-173-441,Female,54,11,52
ATG-988-350,Male,32,42,59
HPS-402-708,Female,61,40,51
IVB-973-761,Male,53,31,59
HXD-961-581,Male,32,28,50
PXE-911-791,Male,60,34,48
XDA-126-443,Male,65,50,59
ZZE-555-347,Female,40,32,47
BUO-480-815,Female,23,19,55
YYV-245-111,Male,63,24,42
XYA-294-976,Male,67,37,49
XOU-552-064,Female,,42,56
WCF-477-381,Male,60,42,47
IVE-886-716,Male,62,31,54
MET-259-938,Male,38,33,53
UTP-817-296,Female,40,21,48
XHQ-011-034,Female,60,41,52
PBN-933-651,Female,33,28,42
APQ-886-571,Male,64,25,51
QSZ-938-757,Male,32,38,55
EPD-487-205,Female,42,47,41
YIW-710-740,Female,53,18,44
JSG-255-519,Female,28,45,57
AIT-251-678,Female,68,13,46
PNE-378-438,Male,32,17,58
IGA-984-681,Female,21,38,55
RHB-800-394,Male,38,30,60
JOL-625-905,Female,30,46,46
MXS-841-669,Male,39,38,55
HGA-031-267,Female,36,44,41
PHZ-781-877,Female,51,37,49
WDL-030-840,Female,31,21,40
AVD-813-086,Female,21,28,42
PSC-443-332,Male,,13,52
UYI-538-013,Female,69,30,47
RVI-151-036,Male,63,49,50
EYQ-008-325,Male,,29,42
VDS-751-025,Male,46,35,49
AWM-272-670,Male,64,32,41
TET-407-277,Female,45,29,48
OBC-147-118,Male,52,50,59
FUR-354-811,Male,25,27,55
DNJ-712-849,Male,33,31,56
HZT-009-930,Female,59,10,42
XEV-237-850,Female,53,29,50
ULJ-573-755,Female,47,42,46
ZUQ-356-910,Female,35,31,43
XOZ-758-230,Male,19,30,48
III-751-677,Male,66,49,52
QYU-524-231,Female,30,26,54
YUQ-282-096,Male,21,15,42
YTL-109-011,Male,43,24,46
JKC-945-461,Male,42,32,48
BOG-372-270,Female,47,33,50
HQN-216-899,Female,28,13,43
LDZ-451-034,Male,24,22,59
ZGA-030-471,Female,48,42,43
QZZ-478-314,Female,61,29,57
UGW-096-637,Female,27,25,56
PVZ-758-937,Female,56,38,40
WZO-906-222,Female,30,17,58
TTX-594-948,Male,48,23,91
LSQ-074-914,Female,24,45,29
RUT-537-100,Male,66,26,77
TDB-812-772,Male,59,42,35
HQQ-817-752,Female,59,48,95
TJG-149-530,Male,,43,11
CTH-017-282,Male,37,10,75
MXK-457-765,Male,21,24,9
OUU-779-224,Female,24,18,75
HUT-498-585,Female,18,29,34
RRK-918-087,Male,61,25,71
HYZ-158-659,Female,62,33,5
QBD-245-581,Female,59,36,88
MCU-049-654,Female,64,36,7
PGW-047-502,Female,30,25,73
EXD-558-589,Male,39,28,10
OCJ-308-235,Male,38,44,72
ECJ-847-692,Female,39,26,5
BCG-299-533,Female,45,25,93
SXG-916-026,Male,26,22,40
PWK-914-953,Male,,20,87
SRJ-285-651,Female,26,18,12
GNS-415-672,Male,,18,97
CJH-803-135,Female,27,30,36
AQL-970-228,Female,41,26,74
PCP-152-608,Male,59,17,22
NUR-944-399,Male,25,25,90
CGI-587-863,Female,41,30,17
GMB-602-316,Female,33,46,88
XZF-482-867,Male,66,10,20
RDA-604-793,Female,43,37,76
PYX-938-353,Male,44,47,16
AYW-378-557,Female,54,45,89
HMP-927-993,Male,21,23,1
GSZ-787-696,Male,67,44,78
YXN-413-344,Male,41,34,1
CNH-279-172,Female,36,20,73
UIV-423-351,Female,53,38,35
PUK-240-148,Male,56,40,83
KZV-627-194,Female,27,45,5
DJS-036-793,Male,,26,93
XVM-216-096,Male,35,49,26
EAV-122-962,Female,36,44,75
RNP-689-646,Female,53,14,20
PKU-927-832,Male,27,18,95
DMC-191-941,Female,50,19,27
PYK-122-351,Female,67,47,63
AIX-382-687,Male,22,19,13
GYR-777-109,Male,64,32,75
LZK-737-324,Female,66,26,10
QIG-141-189,Male,52,13,92
ABV-911-874,Male,61,17,13
LMB-751-211,Female,51,30,86
YMD-583-109,Male,50,45,15
TEV-589-250,Male,38,32,69
ZUQ-692-356,Female,34,27,14
UIH-695-553,Female,39,10,90
KOY-430-357,Male,65,29,32
IPT-165-830,Male,54,36,86
BTW-263-374,Female,32,30,15
OAP-282-363,Female,52,14,88
QPG-121-133,Female,,49,39
ZDZ-788-892,Female,24,40,97
XJU-804-278,Male,49,17,24
EOM-846-237,Female,28,48,68
SVX-869-103,Female,27,34,17
YOJ-576-264,Male,26,29,85
XSR-038-502,Female,31,49,23
HBU-628-694,Male,30,17,69
PRF-204-462,Female,42,31,8
PGT-335-331,Female,19,15,91
CRT-564-623,Female,52,49,16
QMR-501-381,Male,24,44,79
JUV-010-091,Male,38,26,28
KVI-244-135,Female,35,42,74
QJO-736-165,Male,20,22,18
AMR-911-675,Male,59,11,83
MLH-772-180,Male,56,26,73
WHN-211-582,Male,58,11,82
WPT-803-838,Male,66,16,72
YKG-977-567,Male,,11,51
BAN-126-352,Female,56,34,25
HCD-301-580,Female,41,44,
GZP-858-463,Male,,40,31
ENP-125-430,Female,36,41,15
MAO-635-390,Female,21,45,52
SKN-648-962,Female,43,14,61
BLM-098-814,Female,55,44,79
JJV-100-291,Male,59,25,87
LXA-396-907,Female,49,36,42
AGO-367-228,Female,56,48,54
AUS-925-630,Male,62,24,76
JHX-352-441,Male,63,14,
HBO-281-319,Female,53,12,86
YQD-374-981,Female,57,45,24
SLM-413-034,Female,54,15,79
QVD-555-116,Female,50,34,27
TTP-662-877,Female,,47,10
QTR-158-095,Female,20,25,18
QKT-466-382,Male,26,18,58
TOM-927-513,Female,25,48,89
CQC-229-241,Female,50,25,20
UPC-239-548,Male,23,27,78
DKE-162-318,Male,58,30,30
BWT-737-248,Male,56,28,40
GJH-808-674,Male,21,34,9
ZXX-081-913,Female,30,30,
NTI-553-635,Female,66,18,66
BTC-996-044,Female,19,36,78
NHX-041-232,Female,22,15,26
QNO-223-137,Female,61,12,14
MIS-011-206,Female,44,34,53
JNF-829-355,Male,49,47,31
BMG-838-096,Female,38,26,31
PLN-642-770,Male,25,20,34
MLK-709-667,Male,55,39,85
BER-953-316,Female,25,27,15
YVU-596-667,Male,67,10,87
OGM-551-122,Female,20,45,52
BTP-017-191,Male,61,12,35
LVF-141-969,Female,20,31,34
YKW-726-561,Male,39,34,87
EXH-688-828,Female,23,14,44
OEK-304-508,Female,19,35,63
KDV-212-365,Female,40,12,72
YIE-462-098,Female,61,21,65
LZZ-214-718,Female,19,31,77
EJA-252-731,Male,,49,69
OFP-182-065,Male,34,22,10
CDM-127-997,Male,52,39,63
PRP-087-176,Female,51,18,88
AWM-371-540,Male,40,18,46
NYH-481-515,Female,47,48,88
TGX-717-051,Female,69,43,86
SPD-149-077,Male,25,43,37
QMX-791-476,Male,39,17,34
IBY-709-931,Female,61,47,43
SXJ-289-276,Male,53,32,
FRP-790-328,Female,22,29,75
TKQ-156-511,Female,30,15,37
HGB-004-369,Female,46,12,42
QXX-961-515,Female,48,48,49
WXR-835-443,Female,64,19,49
UFR-906-778,Male,33,50,31
IYD-193-147,Male,59,16,79
HSY-443-732,Female,47,34,11
UNL-105-571,Female,33,34,66
WEQ-073-206,Male,29,38,40
DOK-054-558,Male,34,26,39
VJS-205-339,Female,33,41,90
NPT-720-341,Male,29,21,51
KPC-170-653,Female,25,14,15
VYI-363-477,Male,37,38,9
ZHG-166-472,Female,20,26,69
OAX-565-410,Male,33,20,22
BNU-906-776,Female,47,32,60
IAW-427-413,Male,62,45,14
CDK-458-496,Male,40,28,18
QEW-454-714,Female,45,15,79
OMD-726-645,Male,68,29,38
YVC-597-233,Female,57,44,29
KPT-567-649,Male,,14,68
EAD-876-715,Female,,50,89
WTB-689-675,Male,57,26,82
UMU-355-076,Female,61,10,71
LWR-717-429,Male,18,26,50
FVK-028-035,Female,47,45,59
FZR-166-009,Male,38,17,72
WFI-236-660,Female,37,41,84
NZA-367-800,Female,23,19,64
UCK-658-948,Female,39,42,88
CFP-132-547,Male,35,26,49
BEJ-758-086,Female,25,42,40
MGK-583-837,Male,56,34,23
OQU-308-483,Female,49,12,
BEV-068-714,Male,50,12,35
CVJ-181-589,Female,33,50,36
EJD-919-563,Male,,36,89
VJK-129-890,Male,55,18,72
MVJ-163-487,Female,69,36,67
KHE-467-317,Male,51,34,66
KJU-828-447,Male,31,39,10
CFI-619-647,Female,53,26,44
WGR-284-174,Male,50,19,79
IUU-194-632,Male,40,36,21
VOZ-592-643,Male,67,37,23
QCU-161-324,Female,62,32,68
SWJ-114-724,Male,19,25,30
VSV-738-220,Female,58,11,71
NWR-064-466,Male,38,38,83
INA-459-416,Male,19,44,82
DLL-517-489,Male,,46,33
DDU-479-201,Female,26,32,56
LMC-843-332,Male,18,18,51
LTW-139-048,Male,28,35,46
JWY-601-124,Female,20,38,49
YOZ-522-011,Male,69,12,53
OXO-617-946,Female,40,26,48
GDS-585-006,Female,,38,
WYI-786-066,Male,,23,65
ALL-972-235,Female,35,26,10
POF-481-621,Male,,10,70
YLL-038-086,Female,52,18,
WLV-678-398,Female,39,45,76
HMY-862-013,Male,60,12,89
VZC-236-119,Female,32,37,25
GIO-997-454,Female,39,30,58
DEQ-844-857,Female,54,34,48
JRP-509-118,Female,69,26,66
QKG-498-115,Female,59,42,83
PZM-402-750,Male,29,13,29
UNU-617-003,Female,64,35,26
FVF-355-456,Male,66,30,63
HDV-163-177,Female,59,49,37
VXM-121-527,Male,55,46,32
ZID-494-146,Male,,18,82
BAH-561-112,Female,62,36,25
XRV-645-977,Female,52,42,26
HVM-170-294,Female,47,13,50
TVG-677-084,Male,41,41,
KOX-880-584,Female,59,21,90
KQY-158-960,Male,47,12,25
UYM-728-840,Male,31,41,81
XMS-376-112,Male,23,36,22
IVX-997-994,Female,20,44,57
YRT-573-283,Female,33,31,37
HKE-899-929,Male,24,37,12
GIJ-203-342,Male,69,12,90
XUX-864-460,Female,31,30,28
ZTE-743-053,Male,26,16,
EWT-051-341,Female,32,30,17
JCB-505-496,Male,38,25,85
CTZ-247-925,Female,52,31,87
ZKL-085-027,Male,19,11,35
XSS-020-508,Female,19,41,23
ITZ-394-210,Male,21,13,27
NCB-236-294,Female,20,42,60
OTZ-496-568,Female,23,27,34
KZG-109-785,Male,31,26,34
GOU-423-540,Male,22,34,
UMF-684-799,Female,35,37,54
WPM-440-362,Male,23,36,57
VBC-749-086,Female,64,26,90
PGG-161-319,Male,30,46,61
HQD-026-038,Female,67,36,11
NED-702-982,Female,35,50,74
EED-446-027,Female,58,50,50
AGS-103-253,Female,24,33,27
XEN-511-769,Female,37,41,25
BSL-395-774,Female,22,10,41
HWS-327-320,Male,35,19,84
YOQ-118-415,Male,20,24,57
HUJ-076-531,Male,52,22,64
YPS-163-519,Female,35,31,71
RMM-582-924,Female,35,47,11
OYX-655-117,Female,25,38,57
LWZ-131-531,Female,46,12,63
UDO-532-586,Male,31,17,34
PDN-246-837,Male,54,27,80
CKT-983-260,Female,29,34,60
CKQ-813-588,Male,45,17,
ZQH-122-311,Male,35,26,54
LKA-387-871,Female,40,29,54
URN-310-581,Male,23,21,24
KVH-350-827,Female,60,26,32
IWQ-203-100,Male,21,43,69
TAB-006-067,Female,53,35,62
OVI-537-285,Female,18,38,70
KBD-703-450,Female,49,35,9
IHL-880-967,Female,21,30,57
CAS-022-593,Male,42,42,33
ALB-205-657,Female,30,32,18
KBZ-192-380,Female,36,21,88
XUC-670-344,Female,20,50,24
QYE-901-123,Male,65,31,66
ICY-765-868,Female,24,25,80
ZPC-515-309,Male,48,39,37
BBP-569-549,Female,31,34,14
UDW-034-385,Male,49,27,24
VCS-487-069,Male,24,20,28
TQD-000-067,Female,50,35,88
EYH-299-778,Male,27,20,79
BOY-849-269,Female,29,25,86
NZW-010-555,Female,31,44,51
HVX-626-929,Female,49,50,34
UOY-791-622,Male,33,25,73
BCI-337-180,Male,31,48,82
JEE-088-940,Female,59,40,72
KNG-303-677,Female,50,21,51
CKL-838-974,Male,47,35,25
DFW-312-599,Female,51,43,
YTI-539-200,Female,69,11,31
QAI-555-064,Female,27,10,15
DGU-447-284,Male,53,38,52
RMP-490-586,Male,70,36,61
DCT-745-444,Male,19,13,79
TEJ-782-132,Female,67,37,87
DMY-913-021,Female,54,10,42
FTX-880-578,Female,63,23,54
XEN-778-691,Male,18,16,76
EDJ-502-839,Female,43,44,
PCD-187-788,Female,68,19,86
SUX-533-245,Female,19,12,24
PLZ-883-874,Female,32,46,79
YBB-596-265,Male,70,37,27
JMF-232-712,Male,47,23,10
RQJ-547-395,Female,60,28,18
EYO-373-679,Male,60,22,58
HPN-988-644,Male,59,24,89
AHA-762-053,Female,26,47,20
ZTF-434-199,Female,45,22,78
PDJ-805-890,Male,40,14,30
WPS-519-361,Female,23,11,40
LNV-207-885,Male,49,21,9
XND-416-299,Female,57,25,
DHX-597-731,Male,38,31,66
TBO-821-655,Female,67,22,78
TYU-661-359,Male,46,32,26
EYJ-089-146,Male,21,28,14
JKX-278-066,Male,48,21,53
YMY-581-585,Female,55,43,31
PRX-082-208,Male,22,50,31
GVF-207-323,Male,34,38,34
XFL-274-740,Female,50,17,85
QJK-613-693,Female,68,33,15
RBC-266-563,Male,18,22,87
DRD-029-248,Male,48,14,52
YSU-995-056,Female,40,37,35
EVC-476-211,Female,32,30,34
OPX-441-589,Female,24,13,87
VBS-057-966,Female,47,41,44
ZRJ-380-201,Female,27,33,63
IEX-613-564,Male,48,18,72
ZKY-497-952,Female,20,47,65
FKH-505-454,Male,23,35,77
KPO-549-247,Male,49,48,69
FCT-664-074,Male,67,39,10
LLL-319-957,Female,26,15,63
HCP-311-729,Male,49,23,88
ZNE-144-660,Male,21,37,46
LMC-917-435,Female,66,40,88
ZOT-790-527,Male,54,32,86
FOW-214-615,Male,68,33,37
HDA-566-587,Female,66,38,34
EDG-024-382,Male,65,12,43
JFF-107-639,Male,19,11,
XVW-852-914,Male,38,48,75
TLA-221-557,Female,19,41,37
UMY-388-741,Female,18,28,42
WLS-980-574,Female,19,37,49
NRD-014-051,Male,63,46,49
WFW-004-486,Male,49,15,31
ZPK-455-966,Female,51,10,79
PDQ-313-741,Male,50,27,11
YQS-089-328,Male,27,45,66
LVH-812-237,Female,38,33,40
ZXG-248-590,Female,40,40,39
GVH-865-963,Male,39,25,90
UQJ-957-657,Male,23,34,51
OTN-580-026,Male,31,16,15
EGM-986-794,Female,43,43,9
DBX-642-645,Female,40,42,69
WTG-757-363,Female,59,17,22
WIW-273-091,Female,38,21,60
UXL-281-867,Male,47,14,14
FQG-564-992,Female,39,21,18
IQP-444-731,Female,25,50,79
YEO-094-339,Female,31,35,38
UDP-509-286,Female,20,37,29
VMA-596-189,Female,29,48,68
YMY-505-163,Male,44,43,89
DEM-065-387,Male,32,40,82
KBF-561-464,Female,19,38,71
ROT-694-620,Male,35,34,50
LET-862-613,Female,57,31,59
ZAO-285-176,Female,32,33,72
XVD-515-565,Male,28,24,84
CYF-949-777,Male,32,42,64
MOW-222-207,Female,25,25,88
UBP-989-359,Female,28,38,49
VRT-872-079,Female,48,17,40
NIY-604-194,Male,32,26,23
YPG-085-614,Female,34,12,
DNY-995-675,Female,34,45,35
UIV-469-783,Female,43,14,36
JAJ-800-834,Male,39,43,89
JMK-152-881,Female,44,32,72
BJK-839-811,Female,38,28,67
VZW-839-790,Male,47,11,66
ZAO-572-521,Female,27,15,10
OMY-547-489,Female,37,34,44
FPZ-627-365,Male,30,49,79
FJO-328-333,Female,34,20,21
GAU-395-522,Male,30,42,23
JXK-864-416,Male,56,38,68
SVA-233-866,Female,29,30,30
QCP-751-155,Female,19,48,71
YAP-947-797,Female,31,18,83
VCC-502-109,Female,50,35,82
XWB-457-381,Male,36,44,33
UZM-350-336,Female,42,20,56
FPZ-503-233,Male,33,15,51
XHL-318-949,Female,36,44,46
TBD-633-763,Female,32,41,49
GSW-443-805,Female,40,41,53
LVE-051-021,Male,28,15,48
XST-802-889,Female,36,50,
VAS-766-138,Female,36,12,65
RCA-356-333,Female,52,27,10
EJD-918-840,Female,30,11,70
SRA-843-479,Male,58,46,
ARU-136-293,Female,27,42,76
EKY-773-435,Male,59,37,89
FHD-847-884,Male,35,23,25
VML-717-456,Male,37,42,58
JPF-162-480,Male,32,23,48
ZMZ-106-947,Male,46,36,66
KWD-323-945,Male,29,14,83
FIM-371-848,Female,41,23,29
QVK-507-531,Male,30,17,26
YSJ-938-692,Male,54,25,63
LQH-899-060,Male,28,45,37
YEK-114-124,Female,41,43,32
LSY-246-810,Female,36,31,82
NAA-477-089,Male,34,37,25
BBU-170-327,Female,32,20,26
ZSH-792-511,Male,33,49,50
SLV-746-319,Male,38,39,
DKK-488-509,Female,47,11,90
KBI-712-759,Male,35,14,25
ASJ-066-173,Female,45,31,81
VVF-039-682,Female,32,40,22
WOR-814-605,Male,32,25,57
DWT-415-992,Male,30,21,37
NBL-241-352,Female,34,50,12
KXK-589-346,Male,45,49,90
MDG-621-705,Male,23,10,28
YVG-842-124,Male,43,16,
LQB-828-422,Female,54,17,17
MMY-201-650,Female,76,28,85
YZS-434-500,Male,43,36,87
UEI-977-086,Female,21,39,35
AXK-887-361,Female,22,38,23
EBS-006-192,Female,24,36,27
VYH-588-546,Female,26,37,60
QJQ-631-150,Female,28,39,34
GMH-838-962,Male,46,15,34
ZJW-057-961,Male,43,16,
DNU-284-908,Male,40,41,54
MPJ-640-378,Female,69,17,57
XAH-194-484,Female,57,38,90
CUN-170-003,Male,36,43,61
OND-261-295,Female,34,41,11
TJH-011-310,Male,32,46,74
WOW-682-427,Male,47,16,50
MMY-320-186,Male,31,12,27
QMX-241-976,Female,50,30,25
UMP-254-548,Female,,50,41
VIH-390-356,Male,51,44,84
PBL-068-718,Male,,30,57
WZQ-118-906,Male,55,34,64
SME-809-504,Male,23,22,71
ZUG-689-059,Female,,20,11
JQH-609-857,Female,,35,57
BXK-109-121,Male,,47,63
IFL-385-371,Male,,16,34
MXU-873-413,Female,,33,80
PKQ-325-688,Female,,23,60
UHB-681-504,Male,,49,
DYC-038-878,Male,,22,54
BKH-330-198,Male,31,44,54
IGB-438-747,Female,44,11,24
VWM-922-336,Female,33,38,32
CMI-485-323,Female,22,30,69
LGJ-364-417,Male,21,37,62
DEH-378-548,Male,19,40,70
RIW-286-248,Female,45,27,9
NCK-606-791,Female,44,15,57
GWP-287-855,Male,58,16,33
SGW-862-266,Female,55,43,18
XDR-047-963,Female,58,19,88
RHA-128-162,Male,37,30,24
VBI-276-455,Female,24,19,66
XMU-764-322,Male,47,47,80
OAS-621-464,Male,75,25,37
CZC-247-312,Male,27,25,14
UNP-680-622,Male,36,21,24
UIQ-784-264,Male,54,36,28
SMN-702-765,Male,55,28,88
MNH-697-707,Male,19,30,79
HKV-425-058,Female,31,20,86
NKC-484-407,Male,20,41,51
XFS-630-755,Male,40,47,34
AGL-353-864,Female,40,37,34
AWU-777-866,Female,19,29,85
HZG-125-416,Female,18,24,
HFM-047-266,Male,31,24,73
SSJ-362-719,Female,39,49,23
